make,fuel-type,aspiration,num-of-doors,body-style,drive-wheels,engine-location,wheel-base,curb-weight,engine-type,engine-size,fuel-system,horsepower,price
audi,gas,std,four,sedan,fwd,front,99.8,2337,ohc,109,mpfi,102,13950
audi,gas,std,four,sedan,4wd,front,99.4,2824,ohc,136,mpfi,115,17450
audi,gas,std,four,sedan,fwd,front,105.8,2844,ohc,136,mpfi,110,17710
audi,gas,turbo,four,sedan,fwd,front,105.8,3086,ohc,131,mpfi,140,23875
bmw,gas,std,two,sedan,rwd,front,101.2,2395,ohc,108,mpfi,101,16430
bmw,gas,std,four,sedan,rwd,front,101.2,2395,ohc,108,mpfi,101,16925
bmw,gas,std,two,sedan,rwd,front,101.2,2710,ohc,164,mpfi,121,20970
chevrolet,gas,std,two,hatchback,fwd,front,94.5,1874,ohc,90,2bbl,70,6295
chevrolet,gas,std,four,sedan,fwd,front,94.5,1909,ohc,90,2bbl,70,6575
dodge,gas,std,two,hatchback,fwd,front,93.7,1876,ohc,90,2bbl,68,5572
dodge,gas,std,two,hatchback,fwd,front,93.7,1876,ohc,90,2bbl,68,6377
dodge,gas,turbo,two,hatchback,fwd,front,93.7,2128,ohc,98,mpfi,102,7957
dodge,gas,std,four,hatchback,fwd,front,93.7,1967,ohc,90,2bbl,68,6229
dodge,gas,std,four,sedan,fwd,front,93.7,1989,ohc,90,2bbl,68,6692
dodge,gas,std,four,sedan,fwd,front,93.7,1989,ohc,90,2bbl,68,7609
dodge,gas,std,four,wagon,fwd,front,103.3,2535,ohc,122,2bbl,88,8921
dodge,gas,turbo,two,hatchback,fwd,front,95.9,2811,ohc,156,mfi,145,12964
honda,gas,std,two,hatchback,fwd,front,86.6,1713,ohc,92,1bbl,58,6479
honda,gas,std,two,hatchback,fwd,front,86.6,1819,ohc,92,1bbl,76,6855
honda,gas,std,two,hatchback,fwd,front,93.7,1837,ohc,79,1bbl,60,5399
honda,gas,std,two,hatchback,fwd,front,93.7,1940,ohc,92,1bbl,76,6529
honda,gas,std,two,hatchback,fwd,front,93.7,1956,ohc,92,1bbl,76,7129
honda,gas,std,four,sedan,fwd,front,96.5,2010,ohc,92,1bbl,76,7295
honda,gas,std,four,wagon,fwd,front,96.5,2024,ohc,92,1bbl,76,7295
honda,gas,std,two,hatchback,fwd,front,96.5,2236,ohc,110,1bbl,86,7895
honda,gas,std,two,hatchback,fwd,front,96.5,2289,ohc,110,1bbl,86,9095
honda,gas,std,four,sedan,fwd,front,96.5,2304,ohc,110,1bbl,86,8845
honda,gas,std,four,sedan,fwd,front,96.5,2372,ohc,110,1bbl,86,10295
honda,gas,std,four,sedan,fwd,front,96.5,2465,ohc,110,mpfi,101,12945
honda,gas,std,two,sedan,fwd,front,96.5,2293,ohc,110,2bbl,100,10345
jaguar,gas,std,four,sedan,rwd,front,113,4066,dohc,258,mpfi,176,32250
mazda,gas,std,two,hatchback,fwd,front,93.1,1890,ohc,91,2bbl,68,5195
mazda,gas,std,two,hatchback,fwd,front,93.1,1900,ohc,91,2bbl,68,6095
mazda,gas,std,two,hatchback,fwd,front,93.1,1905,ohc,91,2bbl,68,6795
mazda,gas,std,four,sedan,fwd,front,93.1,1945,ohc,91,2bbl,68,6695
mazda,gas,std,four,sedan,fwd,front,93.1,1950,ohc,91,2bbl,68,7395
mazda,gas,std,two,hatchback,fwd,front,98.8,2385,ohc,122,2bbl,84,8845
mazda,gas,std,four,sedan,fwd,front,98.8,2410,ohc,122,2bbl,84,8495
mazda,gas,std,two,hatchback,fwd,front,98.8,2385,ohc,122,2bbl,84,10595
mazda,gas,std,four,sedan,fwd,front,98.8,2410,ohc,122,2bbl,84,10245
mazda,gas,std,four,hatchback,fwd,front,98.8,2425,ohc,122,2bbl,84,11245
mazda,gas,std,four,sedan,rwd,front,104.9,2670,ohc,140,mpfi,120,18280
mercedes-benz,diesel,turbo,four,sedan,rwd,front,110,3515,ohc,183,idi,123,25552
mercedes-benz,diesel,turbo,four,wagon,rwd,front,110,3750,ohc,183,idi,123,28248
mercedes-benz,diesel,turbo,two,hardtop,rwd,front,106.7,3495,ohc,183,idi,123,28176
mercedes-benz,diesel,turbo,four,sedan,rwd,front,115.6,3770,ohc,183,idi,123,31600
mercedes-benz,gas,std,two,convertible,rwd,front,96.6,3685,ohcv,234,mpfi,155,35056
mitsubishi,gas,std,two,hatchback,fwd,front,93.7,1918,ohc,92,2bbl,68,5389
mitsubishi,gas,std,two,hatchback,fwd,front,93.7,1944,ohc,92,2bbl,68,6189
mitsubishi,gas,std,two,hatchback,fwd,front,93.7,2004,ohc,92,2bbl,68,6669
mitsubishi,gas,turbo,two,hatchback,fwd,front,93,2145,ohc,98,spdi,102,7689
mitsubishi,gas,turbo,two,hatchback,fwd,front,96.3,2370,ohc,110,spdi,116,9959
mitsubishi,gas,std,two,hatchback,fwd,front,96.3,2328,ohc,122,2bbl,88,8499
mitsubishi,gas,std,four,sedan,fwd,front,96.3,2365,ohc,122,2bbl,88,6989
mitsubishi,gas,std,four,sedan,fwd,front,96.3,2405,ohc,122,2bbl,88,8189
mitsubishi,gas,turbo,four,sedan,fwd,front,96.3,2403,ohc,110,spdi,116,9279
mitsubishi,gas,std,four,sedan,fwd,front,96.3,2403,ohc,110,spdi,116,9279
nissan,gas,std,two,sedan,fwd,front,94.5,1889,ohc,97,2bbl,69,5499
nissan,diesel,std,two,sedan,fwd,front,94.5,2017,ohc,103,idi,55,7099
nissan,gas,std,two,sedan,fwd,front,94.5,1918,ohc,97,2bbl,69,6649
nissan,gas,std,four,sedan,fwd,front,94.5,1938,ohc,97,2bbl,69,6849
nissan,gas,std,four,wagon,fwd,front,94.5,2024,ohc,97,2bbl,69,7349
nissan,gas,std,two,sedan,fwd,front,94.5,1951,ohc,97,2bbl,69,7299
nissan,gas,std,two,hatchback,fwd,front,94.5,2028,ohc,97,2bbl,69,7799
nissan,gas,std,four,sedan,fwd,front,94.5,1971,ohc,97,2bbl,69,7499
nissan,gas,std,four,wagon,fwd,front,94.5,2037,ohc,97,2bbl,69,7999
nissan,gas,std,two,hardtop,fwd,front,95.1,2008,ohc,97,2bbl,69,8249
nissan,gas,std,four,hatchback,fwd,front,97.2,2324,ohc,120,2bbl,97,8949
nissan,gas,std,four,sedan,fwd,front,97.2,2302,ohc,120,2bbl,97,9549
nissan,gas,std,four,sedan,fwd,front,100.4,3095,ohcv,181,mpfi,152,13499
nissan,gas,std,four,wagon,fwd,front,100.4,3296,ohcv,181,mpfi,152,14399
nissan,gas,std,four,sedan,fwd,front,100.4,3060,ohcv,181,mpfi,152,13499
nissan,gas,std,two,hatchback,rwd,front,91.3,3071,ohcv,181,mpfi,160,17199
nissan,gas,turbo,two,hatchback,rwd,front,91.3,3139,ohcv,181,mpfi,200,19699
