make,fuel-type,aspiration,num-of-doors,body-style,drive-wheels,engine-location,wheel-base,curb-weight,engine-type,engine-size,fuel-system,horsepower,price
bmw,gas,std,four,sedan,rwd,front,101.2,2765,ohc,164,mpfi,121,21105
nissan,gas,std,two,hatchback,rwd,front,99.2,3139,ohcv,181,mpfi,160,18399
subaru,gas,turbo,four,wagon,4wd,front,96.9,2650,ohcf,108,mpfi,111,11694
toyota,gas,std,four,sedan,rwd,front,104.5,3131,dohc,171,mpfi,156,15690
volvo,gas,turbo,four,sedan,rwd,front,109.1,3062,ohc,141,mpfi,114,22625
